t_0,t_1,t_2,t_3,t_4,t_5,t_6,t_7,t_8,t_9,t_10,t_11,t_12,t_13,t_14,t_15,t_16,t_17,j_0,j_1,j_2,j_3,j_4,c_0,c_1,c_2,c_3,c_4,c_5,c_6,c_7,c_8,v_0,v_1,v_2,v_3,v_4,v_5,v_6,v_7,v_8,v_9,v_10,v_11,v_12,v_13,v_14,v_15,v_16,v_17,cardinality
-0.18052,-0.171498,0.166586,0.0,0.0,0.0,0.0,0.0,0.0,-0.002204,0.161061,0.000822,0.0,0.0,0.0,0.049148,-0.038398,0.034771,1.7054536,0.0442571,2.2436798,0.78189036,-0.2482504999999999,0.0235739999999999,-0.073834,0.049581,0.0615239999999999,-0.035667,0.037973,0.057544,0.053268,-0.006842,2.0,2525793.0,1.0,7.0,1880.0,2019.0,1.0,4061926.0,1.0,11.0,112.0,112.0,1.0,234997.0,2.0,2.0,1.0,134170.0,9.481799431665753
-0.18052,-0.171498,0.166586,0.0,0.0,0.0,0.0,0.0,0.0,-0.002204,0.161061,0.000822,0.0,0.0,0.0,0.049148,-0.038398,0.034771,1.7054536,0.0442571,2.2436798,0.78189036,-0.2482504999999999,-0.030719,-0.049211,0.10266,0.077331,-0.011177,0.034394,0.090687,0.037705,-0.07792,2.0,2525793.0,1.0,7.0,2005.0,2010.0,1.0,4061926.0,1.0,11.0,113.0,113.0,1.0,234997.0,2.0,2.0,1.0,134170.0,3.169925001442312
-0.18052,-0.171498,0.166586,0.0,0.0,0.0,0.0,0.0,0.0,-0.002204,0.161061,0.000822,0.0,0.0,0.0,0.049148,-0.038398,0.034771,1.7054536,0.0442571,2.2436798,0.78189036,-0.2482504999999999,-0.030719,-0.049211,0.10266,0.077331,-0.011177,0.034394,0.090687,0.037705,-0.07792,2.0,2525793.0,1.0,7.0,2010.0,2019.0,1.0,4061926.0,1.0,11.0,112.0,112.0,1.0,234997.0,2.0,2.0,1.0,134170.0,5.554588851677638
-0.18052,-0.171498,0.166586,0.0,0.0,0.0,0.0,0.0,0.0,-0.002204,0.161061,0.000822,0.0,0.0,0.0,0.049148,-0.038398,0.034771,1.7054536,0.0442571,2.2436798,0.78189036,-0.2482504999999999,-0.030719,-0.049211,0.10266,0.077331,-0.011177,0.034394,0.090687,0.037705,-0.07792,2.0,2525793.0,1.0,7.0,2000.0,2019.0,1.0,4061926.0,1.0,11.0,113.0,113.0,1.0,234997.0,2.0,2.0,1.0,134170.0,4.0
-0.18052,-0.171498,0.166586,0.0,0.0,0.0,0.0,0.0,0.0,-0.002204,0.161061,0.000822,0.026742,-0.142876,-0.167332,0.0,0.0,0.0,2.1468,-1.49954196,-0.0702427000000001,2.7644735000000003,1.08995597,-0.020194,0.006464,-0.052102,-0.018461,-0.002878,0.002161,-0.009977,0.03287,0.062552,2.0,2525793.0,1.0,7.0,1880.0,2019.0,1.0,4061926.0,1.0,11.0,99.0,113.0,1.0,234997.0,1.0,2.0,117.0,117.0,17.180608503175662
-0.18052,-0.171498,0.166586,0.0,0.0,0.0,-0.142707,0.037522,0.148151,0.0,0.0,0.0,0.026742,-0.142876,-0.167332,0.0,0.0,0.0,-0.1447994000000001,0.98326844,-1.480668,1.7141098,2.08318115,-0.054293,0.024623,0.053079,0.015807,0.02449,-0.003579,0.033143,-0.015563,-0.071078,2.0,2525793.0,1.0,7.0,2005.0,2019.0,1.0,4061926.0,1.0,11.0,99.0,113.0,1.0,234997.0,1.0,2.0,1.0,134170.0,25.90155503494063
-0.18052,-0.171498,0.166586,0.0,0.0,0.0,-0.142707,0.037522,0.148151,0.0,0.0,0.0,0.026742,-0.142876,-0.167332,0.0,0.0,0.0,-0.1447994000000001,0.98326844,-1.480668,1.7141098,2.08318115,-0.054293,0.024623,0.053079,0.015807,0.02449,-0.003579,0.033143,-0.015563,-0.071078,2.0,2525793.0,1.0,7.0,2010.0,2019.0,1.0,4061926.0,1.0,11.0,99.0,113.0,1.0,234997.0,1.0,2.0,1.0,134170.0,23.515397869054997
-0.18052,-0.171498,0.166586,0.0,0.0,0.0,-0.142707,0.037522,0.148151,0.0,0.0,0.0,0.026742,-0.142876,-0.167332,0.0,0.0,0.0,-0.1447994000000001,0.98326844,-1.480668,1.7141098,2.08318115,-0.054293,0.024623,0.053079,0.015807,0.02449,-0.003579,0.033143,-0.015563,-0.071078,2.0,2525793.0,1.0,7.0,1990.0,2019.0,1.0,4061926.0,1.0,11.0,99.0,113.0,1.0,234997.0,1.0,2.0,1.0,134170.0,27.226571903288626
-0.18052,-0.171498,0.166586,0.0,0.0,0.0,0.0,0.0,0.0,0.0,0.0,0.0,0.026742,-0.142876,-0.167332,0.049148,-0.038398,0.034771,1.9110492,1.10748954,0.6693635,0.84041926,0.55967503,-0.039536,0.0064159999999999,0.068483,0.065553,0.028303,0.0145979999999999,0.061536,0.02214,-0.076353,2.0,2525793.0,1.0,7.0,2005.0,2019.0,1.0,4061926.0,1.0,11.0,101.0,101.0,1.0,234997.0,1.0,2.0,1.0,134170.0,19.698251922499935
-0.18052,-0.171498,0.166586,0.0,0.0,0.0,0.0,0.0,0.0,0.0,0.0,0.0,0.026742,-0.142876,-0.167332,0.049148,-0.038398,0.034771,1.9110492,1.10748954,0.6693635,0.84041926,0.55967503,-0.039536,0.0064159999999999,0.068483,0.065553,0.028303,0.0145979999999999,0.061536,0.02214,-0.076353,2.0,2525793.0,1.0,7.0,2010.0,2019.0,1.0,4061926.0,1.0,11.0,101.0,101.0,1.0,234997.0,1.0,2.0,1.0,134170.0,17.45455634396194
-0.18052,-0.171498,0.166586,0.0,0.0,0.0,0.0,0.0,0.0,0.0,0.0,0.0,0.026742,-0.142876,-0.167332,0.049148,-0.038398,0.034771,1.9110492,1.10748954,0.6693635,0.84041926,0.55967503,-0.039536,0.0064159999999999,0.068483,0.065553,0.028303,0.0145979999999999,0.061536,0.02214,-0.076353,2.0,2525793.0,1.0,7.0,1990.0,2019.0,1.0,4061926.0,1.0,11.0,101.0,101.0,1.0,234997.0,1.0,2.0,1.0,134170.0,20.954231816045624
-0.18052,-0.171498,0.166586,0.0,0.0,0.0,-0.142707,0.037522,0.148151,-0.002204,0.161061,0.000822,0.0,0.0,0.0,0.0,0.0,0.0,-0.3503950000000001,-0.0799639999999999,0.0936482999999999,1.6555809,1.2752556199999998,-0.045476,-0.031004,0.087256,0.027585,-0.01499,0.016217,0.062294,2.000000000000265e-06,-0.072645,2.0,2525793.0,1.0,7.0,2005.0,2019.0,1.0,4061926.0,1.0,11.0,99.0,113.0,1.0,234997.0,2.0,2.0,1.0,134170.0,22.59462530416291
-0.18052,-0.171498,0.166586,0.0,0.0,0.0,-0.142707,0.037522,0.148151,-0.002204,0.161061,0.000822,0.0,0.0,0.0,0.0,0.0,0.0,-0.3503950000000001,-0.0799639999999999,0.0936482999999999,1.6555809,1.2752556199999998,-0.045476,-0.031004,0.087256,0.027585,-0.01499,0.016217,0.062294,2.000000000000265e-06,-0.072645,2.0,2525793.0,1.0,7.0,2010.0,2019.0,1.0,4061926.0,1.0,11.0,99.0,113.0,1.0,234997.0,2.0,2.0,1.0,134170.0,20.881385850749393
-0.18052,-0.171498,0.166586,0.0,0.0,0.0,-0.142707,0.037522,0.148151,-0.002204,0.161061,0.000822,0.0,0.0,0.0,0.0,0.0,0.0,-0.3503950000000001,-0.0799639999999999,0.0936482999999999,1.6555809,1.2752556199999998,-0.045476,-0.031004,0.087256,0.027585,-0.01499,0.016217,0.062294,2.000000000000265e-06,-0.072645,2.0,2525793.0,1.0,7.0,1990.0,2019.0,1.0,4061926.0,1.0,11.0,99.0,113.0,1.0,234997.0,2.0,2.0,1.0,134170.0,23.60269433484405
-0.18052,-0.171498,0.166586,0.134461,-0.017551,-0.034228,0.0,0.0,0.0,0.0,0.0,0.0,0.026742,-0.142876,-0.167332,0.0,0.0,0.0,1.97278807,-1.67304026,-1.60406946,2.5009539,0.2776364,-0.074487,0.031087,0.0009769999999999,-0.002654,0.021612,-0.001418,0.023166,0.017307,-0.008526,2.0,2525793.0,1.0,7.0,2010.0,2019.0,1.0,4061926.0,1.0,11.0,99.0,113.0,1.0,234997.0,1.0,2.0,8200.0,8200.0,10.257387842692651
-0.18052,-0.171498,0.166586,0.134461,-0.017551,-0.034228,0.0,0.0,0.0,0.0,0.0,0.0,0.026742,-0.142876,-0.167332,0.0,0.0,0.0,1.97278807,-1.67304026,-1.60406946,2.5009539,0.2776364,-0.054293,0.024623,0.053079,0.015807,0.02449,-0.003579,0.033143,-0.015563,-0.071078,2.0,2525793.0,1.0,7.0,2014.0,2019.0,1.0,4061926.0,1.0,11.0,99.0,113.0,1.0,234997.0,1.0,2.0,1.0,134170.0,13.690543681998593
-0.18052,-0.171498,0.166586,0.134461,-0.017551,-0.034228,0.0,0.0,0.0,0.0,0.0,0.0,0.026742,-0.142876,-0.167332,0.0,0.0,0.0,1.97278807,-1.67304026,-1.60406946,2.5009539,0.2776364,-0.074487,0.031087,0.0009769999999999,-0.002654,0.021612,-0.001418,0.023166,0.017307,-0.008526,2.0,2525793.0,1.0,7.0,2014.0,2019.0,1.0,4061926.0,1.0,11.0,99.0,113.0,1.0,234997.0,1.0,2.0,8200.0,8200.0,5.044394119358453
-0.18052,-0.171498,0.166586,0.134461,-0.017551,-0.034228,0.0,0.0,0.0,0.0,0.0,0.0,0.026742,-0.142876,-0.167332,0.0,0.0,0.0,1.97278807,-1.67304026,-1.60406946,2.5009539,0.2776364,-0.074487,0.031087,0.0009769999999999,-0.002654,0.021612,-0.001418,0.023166,0.017307,-0.008526,2.0,2525793.0,1.0,7.0,2000.0,2019.0,1.0,4061926.0,1.0,11.0,99.0,113.0,1.0,234997.0,1.0,2.0,8200.0,8200.0,10.257387842692651
-0.18052,-0.171498,0.166586,0.134461,-0.017551,-0.034228,0.0,0.0,0.0,0.0,0.0,0.0,0.026742,-0.142876,-0.167332,0.0,0.0,0.0,1.97278807,-1.67304026,-1.60406946,2.5009539,0.2776364,-0.054293,0.024623,0.053079,0.015807,0.02449,-0.003579,0.033143,-0.015563,-0.071078,2.0,2525793.0,1.0,7.0,2000.0,2019.0,1.0,4061926.0,1.0,11.0,99.0,113.0,1.0,234997.0,1.0,2.0,1.0,134170.0,26.76676810853973
-0.18052,-0.171498,0.166586,0.134461,-0.017551,-0.034228,0.0,0.0,0.0,0.0,0.0,0.0,0.0,0.0,0.0,0.0,0.0,0.0,0.79659027,-1.4548855,-0.78178996,1.0894527,-0.67130435,-0.054293,0.024623,0.053079,0.015807,0.02449,-0.003579,0.033143,-0.015563,-0.071078,2.0,2525793.0,1.0,7.0,1980.0,1995.0,1.0,4061926.0,1.0,11.0,99.0,113.0,1.0,234997.0,1.0,2.0,1.0,134170.0,22.11215630263845
-0.18052,-0.171498,0.166586,0.134461,-0.017551,-0.034228,0.0,0.0,0.0,0.0,0.0,0.0,0.0,0.0,0.0,0.0,0.0,0.0,0.79659027,-1.4548855,-0.78178996,1.0894527,-0.67130435,-0.054293,0.024623,0.053079,0.015807,0.02449,-0.003579,0.033143,-0.015563,-0.071078,2.0,2525793.0,1.0,7.0,1980.0,1984.0,1.0,4061926.0,1.0,11.0,99.0,113.0,1.0,234997.0,1.0,2.0,1.0,134170.0,19.408107868871948
-0.18052,-0.171498,0.166586,0.134461,-0.017551,-0.034228,0.0,0.0,0.0,0.0,0.0,0.0,0.0,0.0,0.0,0.0,0.0,0.0,0.79659027,-1.4548855,-0.78178996,1.0894527,-0.67130435,-0.054293,0.024623,0.053079,0.015807,0.02449,-0.003579,0.033143,-0.015563,-0.071078,2.0,2525793.0,1.0,7.0,1980.0,2010.0,1.0,4061926.0,1.0,11.0,99.0,113.0,1.0,234997.0,1.0,2.0,1.0,134170.0,24.354754416437363
-0.18052,-0.171498,0.166586,0.134461,-0.017551,-0.034228,0.0,0.0,0.0,-0.002204,0.161061,0.000822,0.0,0.0,0.0,0.0,0.0,0.0,1.76719247,-2.7362727,-0.02975316,2.442425,-0.53028913,0.010707,-0.037472,-0.063119,0.00436,0.050556,-0.019107,0.047341,-0.059497,0.046227,2.0,2525793.0,1.0,7.0,1880.0,2019.0,1.0,4061926.0,2.0,2.0,99.0,113.0,1.0,234997.0,1.0,2.0,1.0,134170.0,23.67096608342415
-0.18052,-0.171498,0.166586,0.134461,-0.017551,-0.034228,0.0,0.0,0.0,-0.002204,0.161061,0.000822,0.0,0.0,0.0,0.0,0.0,0.0,1.76719247,-2.7362727,-0.02975316,2.442425,-0.53028913,0.010707,-0.037472,-0.063119,0.00436,0.050556,-0.019107,0.047341,-0.059497,0.046227,2.0,2525793.0,1.0,7.0,1880.0,2019.0,1.0,4061926.0,4.0,4.0,99.0,113.0,1.0,234997.0,1.0,2.0,1.0,134170.0,22.08565042246818
-0.18052,-0.171498,0.166586,0.134461,-0.017551,-0.034228,0.0,0.0,0.0,-0.002204,0.161061,0.000822,0.0,0.0,0.0,0.0,0.0,0.0,1.76719247,-2.7362727,-0.02975316,2.442425,-0.53028913,0.010707,-0.037472,-0.063119,0.00436,0.050556,-0.019107,0.047341,-0.059497,0.046227,2.0,2525793.0,1.0,7.0,1880.0,2019.0,1.0,4061926.0,7.0,7.0,99.0,113.0,1.0,234997.0,1.0,2.0,1.0,134170.0,19.599852927151897
-0.18052,-0.171498,0.166586,0.134461,-0.017551,-0.034228,0.0,0.0,0.0,-0.002204,0.161061,0.000822,0.0,0.0,0.0,0.0,0.0,0.0,1.76719247,-2.7362727,-0.02975316,2.442425,-0.53028913,-0.043586,-0.012849,-0.0100399999999999,0.020167,0.075046,-0.0226859999999999,0.080484,-0.07506,-0.024851,2.0,2525793.0,1.0,7.0,2005.0,2015.0,1.0,4061926.0,2.0,2.0,99.0,113.0,1.0,234997.0,1.0,2.0,1.0,134170.0,22.222417579722013
-0.18052,-0.171498,0.166586,0.134461,-0.017551,-0.034228,0.0,0.0,0.0,-0.002204,0.161061,0.000822,0.0,0.0,0.0,0.0,0.0,0.0,1.76719247,-2.7362727,-0.02975316,2.442425,-0.53028913,-0.043586,-0.012849,-0.0100399999999999,0.020167,0.075046,-0.0226859999999999,0.080484,-0.07506,-0.024851,2.0,2525793.0,1.0,7.0,2007.0,2010.0,1.0,4061926.0,2.0,2.0,99.0,113.0,1.0,234997.0,1.0,2.0,1.0,134170.0,20.39758272371599
-0.18052,-0.171498,0.166586,0.134461,-0.017551,-0.034228,0.0,0.0,0.0,-0.002204,0.161061,0.000822,0.0,0.0,0.0,0.0,0.0,0.0,1.76719247,-2.7362727,-0.02975316,2.442425,-0.53028913,-0.043586,-0.012849,-0.0100399999999999,0.020167,0.075046,-0.0226859999999999,0.080484,-0.07506,-0.024851,2.0,2525793.0,1.0,7.0,2005.0,2019.0,1.0,4061926.0,1.0,1.0,99.0,113.0,1.0,234997.0,1.0,2.0,1.0,134170.0,23.055900509594974
-0.18052,-0.171498,0.166586,0.134461,-0.017551,-0.034228,0.0,0.0,0.0,-0.002204,0.161061,0.000822,0.0,0.0,0.0,0.0,0.0,0.0,1.76719247,-2.7362727,-0.02975316,2.442425,-0.53028913,-0.043586,-0.012849,-0.0100399999999999,0.020167,0.075046,-0.0226859999999999,0.080484,-0.07506,-0.024851,2.0,2525793.0,1.0,7.0,2010.0,2019.0,1.0,4061926.0,1.0,1.0,99.0,113.0,1.0,234997.0,1.0,2.0,1.0,134170.0,21.45423401964012
-0.18052,-0.171498,0.166586,0.134461,-0.017551,-0.034228,0.0,0.0,0.0,-0.002204,0.161061,0.000822,0.0,0.0,0.0,0.0,0.0,0.0,1.76719247,-2.7362727,-0.02975316,2.442425,-0.53028913,-0.054293,0.024623,0.053079,0.015807,0.02449,-0.003579,0.033143,-0.015563,-0.071078,2.0,2525793.0,1.0,7.0,1990.0,2019.0,1.0,4061926.0,1.0,11.0,99.0,113.0,1.0,234997.0,1.0,2.0,1.0,134170.0,25.763582652363347
-0.18052,-0.171498,0.166586,0.0,0.0,0.0,0.0,0.0,0.0,-0.002204,0.161061,0.000822,0.026742,-0.142876,-0.167332,0.0,0.0,0.0,2.1468,-1.49954196,-0.0702427000000001,2.7644735000000003,1.08995597,-0.06567,-0.02454,0.035154,0.009124,-0.017868,0.018378,0.052317,0.032872,-0.010093,2.0,2525793.0,1.0,7.0,1950.0,2000.0,1.0,4061926.0,1.0,11.0,99.0,113.0,1.0,234997.0,2.0,2.0,398.0,398.0,12.804332726187615
-0.18052,-0.171498,0.166586,0.0,0.0,0.0,0.0,0.0,0.0,-0.002204,0.161061,0.000822,0.026742,-0.142876,-0.167332,0.0,0.0,0.0,2.1468,-1.49954196,-0.0702427000000001,2.7644735000000003,1.08995597,-0.011377,-0.049163,-0.017925,-0.006683,-0.042358,0.021957,0.019174,0.048435,0.060985,2.0,2525793.0,1.0,7.0,1880.0,2019.0,1.0,4061926.0,1.0,11.0,99.0,113.0,1.0,234997.0,2.0,2.0,398.0,398.0,13.783612165256038
-0.18052,-0.171498,0.166586,0.0,0.0,0.0,0.0,0.0,0.0,-0.002204,0.161061,0.000822,0.026742,-0.142876,-0.167332,0.0,0.0,0.0,2.1468,-1.49954196,-0.0702427000000001,2.7644735000000003,1.08995597,-0.054293,0.024623,0.053079,0.015807,0.02449,-0.003579,0.033143,-0.015563,-0.071078,2.0,2525793.0,1.0,7.0,1950.0,2019.0,1.0,4061926.0,1.0,11.0,99.0,113.0,1.0,234997.0,1.0,2.0,1.0,134170.0,24.901461886248025
-0.18052,-0.171498,0.166586,0.0,0.0,0.0,-0.142707,0.037522,0.148151,-0.002204,0.161061,0.000822,0.0,0.0,0.0,0.049148,-0.038398,0.034771,0.3844563999999999,1.2456803000000003,1.5852913,1.08449896,0.8859898999999999,-0.030719,-0.049211,0.10266,0.077331,-0.011177,0.034394,0.090687,0.037705,-0.07792,2.0,2525793.0,1.0,7.0,2005.0,2008.0,1.0,4061926.0,1.0,11.0,101.0,101.0,1.0,234997.0,2.0,2.0,1.0,134170.0,16.20304205556246
-0.18052,-0.171498,0.166586,0.0,0.0,0.0,-0.142707,0.037522,0.148151,-0.002204,0.161061,0.000822,0.0,0.0,0.0,0.049148,-0.038398,0.034771,0.3844563999999999,1.2456803000000003,1.5852913,1.08449896,0.8859898999999999,0.014757,-0.018207,0.015404,0.049746,0.003813,0.018177,0.028393,0.037703,-0.005275,2.0,2525793.0,1.0,7.0,1880.0,2019.0,1.0,4061926.0,1.0,11.0,113.0,113.0,1.0,234997.0,1.0,2.0,1.0,134170.0,6.169925001442312
-0.18052,-0.171498,0.166586,0.0,0.0,0.0,-0.142707,0.037522,0.148151,-0.002204,0.161061,0.000822,0.0,0.0,0.0,0.049148,-0.038398,0.034771,0.3844563999999999,1.2456803000000003,1.5852913,1.08449896,0.8859898999999999,-0.030719,-0.049211,0.10266,0.077331,-0.011177,0.034394,0.090687,0.037705,-0.07792,2.0,2525793.0,1.0,7.0,2000.0,2010.0,1.0,4061926.0,1.0,11.0,101.0,101.0,1.0,234997.0,2.0,2.0,1.0,134170.0,18.22171455218834
-0.18052,-0.171498,0.166586,0.0,0.0,0.0,-0.142707,0.037522,0.148151,-0.002204,0.161061,0.000822,0.0,0.0,0.0,0.049148,-0.038398,0.034771,0.3844563999999999,1.2456803,1.5852913,1.08449896,0.8859898999999998,0.06809,-0.090488,0.0441299999999999,0.0438449999999999,-0.057426,0.043496,0.082331,0.093282,-0.05266,2.0,2525793.0,1.0,1.0,1880.0,2019.0,1.0,4061926.0,1.0,11.0,101.0,101.0,1.0,234997.0,2.0,2.0,1.0,134170.0,20.87229537150716
-0.18052,-0.171498,0.166586,0.0,0.0,0.0,-0.142707,0.037522,0.148151,0.0,0.0,0.0,0.026742,-0.142876,-0.167332,0.049148,-0.038398,0.034771,0.5900519999999999,2.30891274,0.0109749999999999,1.14302786,1.6939154299999997,0.0049799999999999,-0.010238,0.063032,0.047874,0.006544,0.020121,0.086323,0.062154,-0.122171,2.0,2525793.0,1.0,1.0,2010.0,2019.0,1.0,4061926.0,1.0,11.0,101.0,101.0,1.0,234997.0,1.0,2.0,1.0,134170.0,17.202085551489173
-0.18052,-0.171498,0.166586,0.0,0.0,0.0,-0.142707,0.037522,0.148151,0.0,0.0,0.0,0.026742,-0.142876,-0.167332,0.049148,-0.038398,0.034771,0.5900519999999999,2.30891274,0.0109749999999999,1.14302786,1.6939154299999997,0.059273,-0.034861,0.009953,0.032067,-0.017946,0.0237,0.05318,0.077717,-0.051093,2.0,2525793.0,1.0,1.0,1880.0,2019.0,1.0,4061926.0,1.0,11.0,101.0,101.0,1.0,234997.0,1.0,2.0,1.0,134170.0,21.62900747042453
-0.18052,-0.171498,0.166586,0.0,0.0,0.0,-0.142707,0.037522,0.148151,0.0,0.0,0.0,0.026742,-0.142876,-0.167332,0.049148,-0.038398,0.034771,0.5900519999999999,2.30891274,0.0109749999999999,1.14302786,1.6939154299999997,-0.039536,0.0064159999999999,0.068483,0.065553,0.028303,0.0145979999999999,0.061536,0.02214,-0.076353,2.0,2525793.0,1.0,7.0,2005.0,2019.0,1.0,4061926.0,1.0,11.0,101.0,101.0,1.0,234997.0,1.0,2.0,1.0,134170.0,19.993362735695282
-0.18052,-0.171498,0.166586,0.0,0.0,0.0,-0.142707,0.037522,0.148151,-0.002204,0.161061,0.000822,0.026742,-0.142876,-0.167332,0.0,0.0,0.0,0.8258027999999998,-0.2981187599999999,-0.7286312000000001,3.0670821000000004,2.22419637,-0.039536,0.0064159999999999,0.068483,0.065553,0.028303,0.0145979999999999,0.061536,0.02214,-0.076353,2.0,2525793.0,1.0,7.0,2000.0,2019.0,1.0,4061926.0,1.0,11.0,99.0,113.0,1.0,234997.0,1.0,2.0,1.0,134170.0,28.93319012886888
-0.18052,-0.171498,0.166586,0.0,0.0,0.0,-0.142707,0.037522,0.148151,-0.002204,0.161061,0.000822,0.026742,-0.142876,-0.167332,0.0,0.0,0.0,0.8258027999999998,-0.2981187599999999,-0.7286312000000001,3.0670821000000004,2.22419637,-0.039536,0.0064159999999999,0.068483,0.065553,0.028303,0.0145979999999999,0.061536,0.02214,-0.076353,2.0,2525793.0,1.0,7.0,2005.0,2010.0,1.0,4061926.0,1.0,11.0,99.0,113.0,1.0,234997.0,1.0,2.0,1.0,134170.0,27.62351109341645
-0.18052,-0.171498,0.166586,0.0,0.0,0.0,-0.142707,0.037522,0.148151,-0.002204,0.161061,0.000822,0.026742,-0.142876,-0.167332,0.0,0.0,0.0,0.8258027999999998,-0.2981187599999999,-0.7286312000000001,3.0670821000000004,2.22419637,-0.039536,0.0064159999999999,0.068483,0.065553,0.028303,0.0145979999999999,0.061536,0.02214,-0.076353,2.0,2525793.0,1.0,7.0,1990.0,2019.0,1.0,4061926.0,1.0,11.0,99.0,113.0,1.0,234997.0,1.0,2.0,1.0,134170.0,29.21997978957185
-0.18052,-0.171498,0.166586,0.134461,-0.017551,-0.034228,0.0,0.0,0.0,-0.002204,0.161061,0.000822,0.026742,-0.142876,-0.167332,0.0,0.0,0.0,2.94339027,-2.95442746,-0.8520326600000001,3.8539262,0.41865162,-0.020194,0.006464,-0.052102,-0.018461,-0.002878,0.002161,-0.009977,0.03287,0.062552,2.0,2525793.0,1.0,7.0,1880.0,2019.0,1.0,4061926.0,1.0,11.0,99.0,113.0,1.0,234997.0,1.0,2.0,117.0,117.0,22.894474011417373
-0.18052,-0.171498,0.166586,0.134461,-0.017551,-0.034228,-0.142707,0.037522,0.148151,0.0,0.0,0.0,0.0,0.0,0.0,0.049148,-0.038398,0.034771,0.21044447,1.0721820000000002,0.05146454,0.82097936,0.0736703299999999,0.014757,-0.018207,0.015404,0.049746,0.003813,0.018177,0.028393,0.037703,-0.005275,2.0,2525793.0,1.0,7.0,1880.0,2019.0,1.0,4061926.0,1.0,11.0,100.0,100.0,1.0,234997.0,1.0,2.0,1.0,134170.0,20.80428545410738
-0.18052,-0.171498,0.166586,0.134461,-0.017551,-0.034228,-0.142707,0.037522,0.148151,0.0,0.0,0.0,0.0,0.0,0.0,0.049148,-0.038398,0.034771,0.21044447,1.0721820000000002,0.05146454,0.82097936,0.0736703299999999,-0.039536,0.0064159999999999,0.068483,0.065553,0.028303,0.0145979999999999,0.061536,0.02214,-0.076353,2.0,2525793.0,1.0,7.0,2008.0,2014.0,1.0,4061926.0,1.0,11.0,101.0,101.0,1.0,234997.0,1.0,2.0,1.0,134170.0,21.485466235228007
-0.18052,-0.171498,0.166586,0.134461,-0.017551,-0.034228,-0.142707,0.037522,0.148151,0.0,0.0,0.0,0.0,0.0,0.0,0.049148,-0.038398,0.034771,0.21044447,1.0721820000000002,0.05146454,0.82097936,0.0736703299999999,0.014757,-0.018207,0.015404,0.049746,0.003813,0.018177,0.028393,0.037703,-0.005275,2.0,2525793.0,1.0,7.0,1880.0,2019.0,1.0,4061926.0,1.0,11.0,100.0,100.0,1.0,234997.0,1.0,2.0,1.0,134170.0,23.972628223701918
-0.18052,-0.171498,0.166586,0.134461,-0.017551,-0.034228,-0.142707,0.037522,0.148151,-0.002204,0.161061,0.000822,0.0,0.0,0.0,0.0,0.0,0.0,0.4461952699999999,-1.5348495,-0.6881416600000001,2.7450336,0.6039512699999998,-0.028829,-0.031056,0.005364,0.069913,0.078859,-0.0045089999999999,0.108877,-0.037357,-0.030126,2.0,2525793.0,1.0,7.0,2005.0,2009.0,1.0,4061926.0,2.0,2.0,99.0,113.0,1.0,234997.0,1.0,2.0,1.0,134170.0,24.55659358090827
-0.18052,-0.171498,0.166586,0.134461,-0.017551,-0.034228,-0.142707,0.037522,0.148151,-0.002204,0.161061,0.000822,0.0,0.0,0.0,0.0,0.0,0.0,0.4461952699999999,-1.5348495,-0.6881416600000001,2.7450336,0.6039512699999998,0.025464,-0.055679,-0.0477149999999999,0.054106,0.0543689999999999,-0.00093,0.075734,-0.021794,0.0409519999999999,2.0,2525793.0,1.0,7.0,1880.0,2019.0,1.0,4061926.0,2.0,2.0,99.0,113.0,1.0,234997.0,1.0,2.0,1.0,134170.0,26.97943028716743
-0.18052,-0.171498,0.166586,0.134461,-0.017551,-0.034228,-0.142707,0.037522,0.148151,-0.002204,0.161061,0.000822,0.0,0.0,0.0,0.0,0.0,0.0,0.4461952699999999,-1.5348495,-0.6881416600000001,2.7450336,0.6039512699999998,-0.028829,-0.031056,0.005364,0.069913,0.078859,-0.0045089999999999,0.108877,-0.037357,-0.030126,2.0,2525793.0,1.0,7.0,2000.0,2019.0,1.0,4061926.0,2.0,2.0,99.0,113.0,1.0,234997.0,1.0,2.0,1.0,134170.0,26.433801487908855
-0.18052,-0.171498,0.166586,0.134461,-0.017551,-0.034228,0.0,0.0,0.0,0.0,0.0,0.0,0.026742,-0.142876,-0.167332,0.0,0.0,0.0,1.97278807,-1.67304026,-1.60406946,2.5009539,0.2776364,-0.009777,0.007969,0.047628,-0.0018719999999999,0.002731,0.001944,0.0579299999999999,0.024451,-0.116896,2.0,2525793.0,1.0,1.0,1950.0,2019.0,1.0,4061926.0,1.0,11.0,99.0,113.0,1.0,234997.0,1.0,2.0,1.0,134170.0,27.171690268835512
-0.18052,-0.171498,0.166586,0.134461,-0.017551,-0.034228,0.0,0.0,0.0,0.0,0.0,0.0,0.026742,-0.142876,-0.167332,0.0,0.0,0.0,1.97278807,-1.67304026,-1.60406946,2.5009539,0.2776364,-0.009777,0.007969,0.047628,-0.0018719999999999,0.002731,0.001944,0.0579299999999999,0.024451,-0.116896,2.0,2525793.0,1.0,1.0,2000.0,2019.0,1.0,4061926.0,1.0,11.0,99.0,113.0,1.0,234997.0,1.0,2.0,1.0,134170.0,26.327609210675988
-0.18052,-0.171498,0.166586,0.0,0.0,0.0,-0.142707,0.037522,0.148151,-0.002204,0.161061,0.000822,0.026742,-0.142876,-0.167332,0.0,0.0,0.0,0.8258027999999997,-0.2981187599999999,-0.7286312000000001,3.0670821000000004,2.22419637,-0.06567,-0.02454,0.035154,0.009124,-0.017868,0.018378,0.052317,0.032872,-0.010093,2.0,2525793.0,1.0,7.0,1950.0,2000.0,1.0,4061926.0,1.0,11.0,99.0,113.0,1.0,234997.0,2.0,2.0,398.0,398.0,18.34721475748595
-0.18052,-0.171498,0.166586,0.0,0.0,0.0,-0.142707,0.037522,0.148151,-0.002204,0.161061,0.000822,0.026742,-0.142876,-0.167332,0.0,0.0,0.0,0.8258027999999997,-0.2981187599999999,-0.7286312000000001,3.0670821000000004,2.22419637,-0.06567,-0.02454,0.035154,0.009124,-0.017868,0.018378,0.052317,0.032872,-0.010093,2.0,2525793.0,1.0,7.0,2000.0,2010.0,1.0,4061926.0,1.0,11.0,99.0,113.0,1.0,234997.0,2.0,2.0,398.0,398.0,18.22887974075209
-0.18052,-0.171498,0.166586,0.0,0.0,0.0,-0.142707,0.037522,0.148151,-0.002204,0.161061,0.000822,0.026742,-0.142876,-0.167332,0.0,0.0,0.0,0.8258027999999997,-0.2981187599999999,-0.7286312000000001,3.0670821000000004,2.22419637,-0.06567,-0.02454,0.035154,0.009124,-0.017868,0.018378,0.052317,0.032872,-0.010093,2.0,2525793.0,1.0,7.0,1950.0,2010.0,1.0,4061926.0,1.0,11.0,99.0,113.0,1.0,234997.0,2.0,2.0,398.0,398.0,19.328948789722627
-0.18052,-0.171498,0.166586,0.0,0.0,0.0,-0.142707,0.037522,0.148151,-0.002204,0.161061,0.000822,0.026742,-0.142876,-0.167332,0.049148,-0.038398,0.034771,1.5606542,1.0275255400000003,0.7630117999999999,2.4960001600000004,1.83493065,-0.039536,0.0064159999999999,0.068483,0.065553,0.028303,0.0145979999999999,0.061536,0.02214,-0.076353,2.0,2525793.0,1.0,7.0,2008.0,2019.0,1.0,4061926.0,1.0,11.0,101.0,101.0,1.0,234997.0,1.0,2.0,1.0,134170.0,22.98035734504732
-0.18052,-0.171498,0.166586,0.0,0.0,0.0,-0.142707,0.037522,0.148151,-0.002204,0.161061,0.000822,0.026742,-0.142876,-0.167332,0.049148,-0.038398,0.034771,1.5606542,1.0275255400000003,0.7630117999999999,2.4960001600000004,1.83493065,-0.039536,0.0064159999999999,0.068483,0.065553,0.028303,0.0145979999999999,0.061536,0.02214,-0.076353,2.0,2525793.0,1.0,7.0,2009.0,2019.0,1.0,4061926.0,1.0,11.0,101.0,101.0,1.0,234997.0,1.0,2.0,1.0,134170.0,22.27087872516199
-0.18052,-0.171498,0.166586,0.134461,-0.017551,-0.034228,-0.142707,0.037522,0.148151,-0.002204,0.161061,0.000822,0.026742,-0.142876,-0.167332,0.0,0.0,0.0,1.6223930699999998,-1.75300426,-1.5104211600000002,4.1565348,1.5528920199999998,-0.028829,-0.031056,0.005364,0.069913,0.078859,-0.0045089999999999,0.108877,-0.037357,-0.030126,2.0,2525793.0,1.0,7.0,2010.0,2019.0,1.0,4061926.0,2.0,2.0,99.0,113.0,1.0,234997.0,1.0,2.0,1.0,134170.0,30.333311608751018
-0.18052,-0.171498,0.166586,0.134461,-0.017551,-0.034228,-0.142707,0.037522,0.148151,-0.002204,0.161061,0.000822,0.026742,-0.142876,-0.167332,0.0,0.0,0.0,1.6223930699999998,-1.75300426,-1.5104211600000002,4.1565348,1.5528920199999998,0.024286,-0.03728,-0.0369389999999999,0.053353,0.027289,0.034124,0.122284,-0.014332,0.0258839999999999,2.0,2525793.0,1.0,7.0,2010.0,2019.0,1.0,4061926.0,2.0,2.0,99.0,113.0,22956.0,22956.0,1.0,2.0,1.0,134170.0,17.550258290306974
-0.18052,-0.171498,0.166586,0.134461,-0.017551,-0.034228,-0.142707,0.037522,0.148151,-0.002204,0.161061,0.000822,0.026742,-0.142876,-0.167332,0.0,0.0,0.0,1.6223930699999998,-1.75300426,-1.5104211600000002,4.1565348,1.5528920199999998,-0.028829,-0.031056,0.005364,0.069913,0.078859,-0.0045089999999999,0.108877,-0.037357,-0.030126,2.0,2525793.0,1.0,7.0,2000.0,2019.0,1.0,4061926.0,2.0,2.0,99.0,113.0,1.0,234997.0,1.0,2.0,1.0,134170.0,33.150935395740234
-0.18052,-0.171498,0.166586,0.134461,-0.017551,-0.034228,-0.142707,0.037522,0.148151,0.0,0.0,0.0,0.026742,-0.142876,-0.167332,0.049148,-0.038398,0.034771,1.3866422699999998,0.8540272400000002,-0.77081496,2.23248056,1.02261108,0.014757,-0.018207,0.015404,0.049746,0.003813,0.018177,0.028393,0.037703,-0.005275,2.0,2525793.0,1.0,7.0,1880.0,2019.0,1.0,4061926.0,1.0,11.0,100.0,100.0,1.0,234997.0,1.0,2.0,1.0,134170.0,28.87684834468239
-0.18052,-0.171498,0.166586,0.134461,-0.017551,-0.034228,-0.142707,0.037522,0.148151,0.0,0.0,0.0,0.026742,-0.142876,-0.167332,0.049148,-0.038398,0.034771,1.3866422699999998,0.8540272400000002,-0.77081496,2.23248056,1.02261108,-0.039536,0.0064159999999999,0.068483,0.065553,0.028303,0.0145979999999999,0.061536,0.02214,-0.076353,2.0,2525793.0,1.0,7.0,2010.0,2019.0,1.0,4061926.0,1.0,11.0,100.0,100.0,1.0,234997.0,1.0,2.0,1.0,134170.0,24.94751133690722
-0.18052,-0.171498,0.166586,0.134461,-0.017551,-0.034228,0.0,0.0,0.0,0.0,0.0,0.0,0.026742,-0.142876,-0.167332,0.049148,-0.038398,0.034771,2.70763947,-0.34739596,-0.11242646,1.92987196,-0.1116293199999999,0.0049799999999999,-0.010238,0.063032,0.047874,0.006544,0.020121,0.086323,0.062154,-0.122171,2.0,2525793.0,1.0,1.0,2000.0,2019.0,1.0,4061926.0,1.0,11.0,101.0,101.0,1.0,234997.0,1.0,2.0,1.0,134170.0,26.280208265050526
-0.18052,-0.171498,0.166586,0.134461,-0.017551,-0.034228,0.0,0.0,0.0,0.0,0.0,0.0,0.026742,-0.142876,-0.167332,0.049148,-0.038398,0.034771,2.70763947,-0.34739596,-0.11242646,1.92987196,-0.1116293199999999,0.0049799999999999,-0.010238,0.063032,0.047874,0.006544,0.020121,0.086323,0.062154,-0.122171,2.0,2525793.0,1.0,1.0,2005.0,2019.0,1.0,4061926.0,1.0,11.0,101.0,101.0,1.0,234997.0,1.0,2.0,1.0,134170.0,25.611972879867352
-0.18052,-0.171498,0.166586,0.0,0.0,0.0,-0.142707,0.037522,0.148151,-0.002204,0.161061,0.000822,0.026742,-0.142876,-0.167332,0.0,0.0,0.0,0.8258027999999997,-0.2981187599999999,-0.7286312000000001,3.0670821000000004,2.22419637,-0.06567,-0.02454,0.035154,0.009124,-0.017868,0.018378,0.052317,0.032872,-0.010093,2.0,2525793.0,1.0,7.0,1998.0,1998.0,1.0,4061926.0,1.0,11.0,99.0,113.0,1.0,234997.0,2.0,2.0,398.0,398.0,14.21416731409353
-0.18052,-0.171498,0.166586,0.0,0.0,0.0,-0.142707,0.037522,0.148151,-0.002204,0.161061,0.000822,0.026742,-0.142876,-0.167332,0.049148,-0.038398,0.034771,1.5606542,1.0275255400000003,0.7630117999999999,2.4960001600000004,1.83493065,-0.039536,0.0064159999999999,0.068483,0.065553,0.028303,0.0145979999999999,0.061536,0.02214,-0.076353,2.0,2525793.0,1.0,7.0,2000.0,2019.0,1.0,4061926.0,1.0,11.0,101.0,101.0,1.0,234997.0,1.0,2.0,1.0,134170.0,24.67133152242692
-0.18052,-0.171498,0.166586,0.0,0.0,0.0,-0.142707,0.037522,0.148151,-0.002204,0.161061,0.000822,0.026742,-0.142876,-0.167332,0.049148,-0.038398,0.034771,1.5606542,1.0275255400000003,0.7630117999999999,2.4960001600000004,1.83493065,-0.039536,0.0064159999999999,0.068483,0.065553,0.028303,0.0145979999999999,0.061536,0.02214,-0.076353,2.0,2525793.0,1.0,7.0,2005.0,2019.0,1.0,4061926.0,1.0,11.0,101.0,101.0,1.0,234997.0,1.0,2.0,1.0,134170.0,23.914663231772057
-0.18052,-0.171498,0.166586,0.134461,-0.017551,-0.034228,-0.142707,0.037522,0.148151,-0.002204,0.161061,0.000822,0.026742,-0.142876,-0.167332,0.0,0.0,0.0,1.6223930699999998,-1.75300426,-1.5104211600000002,4.1565348,1.5528920199999998,-0.049023,-0.024592,-0.0467379999999999,0.051452,0.0759809999999999,-0.0023479999999999,0.0989,-0.0044869999999999,0.0324259999999999,2.0,2525793.0,1.0,7.0,2000.0,2010.0,1.0,4061926.0,2.0,2.0,99.0,113.0,1.0,234997.0,1.0,2.0,7084.0,7084.0,20.025799233276754
-0.18052,-0.171498,0.166586,0.134461,-0.017551,-0.034228,-0.142707,0.037522,0.148151,-0.002204,0.161061,0.000822,0.026742,-0.142876,-0.167332,0.0,0.0,0.0,1.6223930699999998,-1.75300426,-1.5104211600000002,4.1565348,1.5528920199999998,-0.049023,-0.024592,-0.0467379999999999,0.051452,0.0759809999999999,-0.0023479999999999,0.0989,-0.0044869999999999,0.0324259999999999,2.0,2525793.0,1.0,7.0,2000.0,2005.0,1.0,4061926.0,2.0,2.0,99.0,113.0,1.0,234997.0,1.0,2.0,7084.0,7084.0,18.032799086884534
-0.18052,-0.171498,0.166586,0.134461,-0.017551,-0.034228,-0.142707,0.037522,0.148151,0.0,0.0,0.0,0.026742,-0.142876,-0.167332,0.049148,-0.038398,0.034771,1.3866422699999998,0.8540272400000002,-0.77081496,2.23248056,1.02261108,-0.039536,0.0064159999999999,0.068483,0.065553,0.028303,0.0145979999999999,0.061536,0.02214,-0.076353,2.0,2525793.0,1.0,7.0,2000.0,2019.0,1.0,4061926.0,1.0,11.0,100.0,100.0,1.0,234997.0,1.0,2.0,1.0,134170.0,27.944948296127247
