t_0,t_1,t_2,t_3,t_4,t_5,t_6,t_7,t_8,t_9,t_10,t_11,t_12,t_13,t_14,t_15,t_16,t_17,j_0,j_1,j_2,j_3,j_4,c_0,c_1,c_2,c_3,c_4,c_5,c_6,c_7,c_8,v_0,v_1,v_2,v_3,v_4,v_5,v_6,v_7,v_8,v_9,v_10,v_11,v_12,v_13,v_14,v_15,v_16,v_17,Cardinality
-0.18052,-0.171498,0.166586,0.0,0.0,0.0,0.0,0.0,0.0,-0.002204,0.161061,0.000822,0.0,0.0,0.0,0.049148,-0.038398,0.034771,1.7054536,0.04425710000000005,2.2436798,0.78189036,-0.24825049999999999,0.023573999999999998,-0.07383400000000001,0.049581,0.061523999999999995,-0.035667000000000004,0.037973,0.057544,0.053268,-0.006842,2.0,2525793.0,1.0,7.0,1880.0,2019.0,1.0,4061926.0,1.0,11.0,112.0,112.0,1.0,234997.0,2.0,2.0,1.0,134170.0,715
-0.18052,-0.171498,0.166586,0.0,0.0,0.0,0.0,0.0,0.0,-0.002204,0.161061,0.000822,0.0,0.0,0.0,0.049148,-0.038398,0.034771,1.7054536,0.04425710000000005,2.2436798,0.78189036,-0.24825049999999999,-0.030719000000000003,-0.049211000000000005,0.10266,0.077331,-0.011177,0.034394,0.090687,0.037705,-0.07792,2.0,2525793.0,1.0,7.0,2005.0,2010.0,1.0,4061926.0,1.0,11.0,113.0,113.0,1.0,234997.0,2.0,2.0,1.0,134170.0,9
-0.18052,-0.171498,0.166586,0.0,0.0,0.0,0.0,0.0,0.0,-0.002204,0.161061,0.000822,0.0,0.0,0.0,0.049148,-0.038398,0.034771,1.7054536,0.04425710000000005,2.2436798,0.78189036,-0.24825049999999999,-0.030719000000000003,-0.049211000000000005,0.10266,0.077331,-0.011177,0.034394,0.090687,0.037705,-0.07792,2.0,2525793.0,1.0,7.0,2010.0,2019.0,1.0,4061926.0,1.0,11.0,112.0,112.0,1.0,234997.0,2.0,2.0,1.0,134170.0,47
-0.18052,-0.171498,0.166586,0.0,0.0,0.0,0.0,0.0,0.0,-0.002204,0.161061,0.000822,0.0,0.0,0.0,0.049148,-0.038398,0.034771,1.7054536,0.04425710000000005,2.2436798,0.78189036,-0.24825049999999999,-0.030719000000000003,-0.049211000000000005,0.10266,0.077331,-0.011177,0.034394,0.090687,0.037705,-0.07792,2.0,2525793.0,1.0,7.0,2000.0,2019.0,1.0,4061926.0,1.0,11.0,113.0,113.0,1.0,234997.0,2.0,2.0,1.0,134170.0,16
-0.18052,-0.171498,0.166586,0.0,0.0,0.0,0.0,0.0,0.0,-0.002204,0.161061,0.000822,0.026742,-0.142876,-0.167332,0.0,0.0,0.0,2.1468,-1.49954196,-0.0702427000000001,2.7644735000000003,1.08995597,-0.020194,0.006464,-0.052102,-0.018461,-0.002878,0.002161,-0.009977,0.03287,0.062552,2.0,2525793.0,1.0,7.0,1880.0,2019.0,1.0,4061926.0,1.0,11.0,99.0,113.0,1.0,234997.0,1.0,2.0,117.0,117.0,148552
-0.18052,-0.171498,0.166586,0.0,0.0,0.0,-0.142707,0.037522,0.148151,0.0,0.0,0.0,0.026742,-0.142876,-0.167332,0.0,0.0,0.0,-0.14479940000000013,0.98326844,-1.480668,1.7141098000000001,2.0831811499999997,-0.054293,0.024623,0.053079,0.015807,0.02449,-0.003579,0.033143,-0.015563,-0.071078,2.0,2525793.0,1.0,7.0,2005.0,2019.0,1.0,4061926.0,1.0,11.0,99.0,113.0,1.0,234997.0,1.0,2.0,1.0,134170.0,62682311
-0.18052,-0.171498,0.166586,0.0,0.0,0.0,-0.142707,0.037522,0.148151,0.0,0.0,0.0,0.026742,-0.142876,-0.167332,0.0,0.0,0.0,-0.14479940000000013,0.98326844,-1.480668,1.7141098000000001,2.0831811499999997,-0.054293,0.024623,0.053079,0.015807,0.02449,-0.003579,0.033143,-0.015563,-0.071078,2.0,2525793.0,1.0,7.0,2010.0,2019.0,1.0,4061926.0,1.0,11.0,99.0,113.0,1.0,234997.0,1.0,2.0,1.0,134170.0,11990578
-0.18052,-0.171498,0.166586,0.0,0.0,0.0,-0.142707,0.037522,0.148151,0.0,0.0,0.0,0.026742,-0.142876,-0.167332,0.0,0.0,0.0,-0.14479940000000013,0.98326844,-1.480668,1.7141098000000001,2.0831811499999997,-0.054293,0.024623,0.053079,0.015807,0.02449,-0.003579,0.033143,-0.015563,-0.071078,2.0,2525793.0,1.0,7.0,1990.0,2019.0,1.0,4061926.0,1.0,11.0,99.0,113.0,1.0,234997.0,1.0,2.0,1.0,134170.0,157041640
-0.18052,-0.171498,0.166586,0.0,0.0,0.0,0.0,0.0,0.0,0.0,0.0,0.0,0.026742,-0.142876,-0.167332,0.049148,-0.038398,0.034771,1.9110492,1.10748954,0.6693635,0.84041926,0.55967503,-0.039536,0.006415999999999998,0.068483,0.065553,0.028303000000000002,0.014597999999999998,0.061536,0.02214,-0.076353,2.0,2525793.0,1.0,7.0,2005.0,2019.0,1.0,4061926.0,1.0,11.0,101.0,101.0,1.0,234997.0,1.0,2.0,1.0,134170.0,850677
-0.18052,-0.171498,0.166586,0.0,0.0,0.0,0.0,0.0,0.0,0.0,0.0,0.0,0.026742,-0.142876,-0.167332,0.049148,-0.038398,0.034771,1.9110492,1.10748954,0.6693635,0.84041926,0.55967503,-0.039536,0.006415999999999998,0.068483,0.065553,0.028303000000000002,0.014597999999999998,0.061536,0.02214,-0.076353,2.0,2525793.0,1.0,7.0,2010.0,2019.0,1.0,4061926.0,1.0,11.0,101.0,101.0,1.0,234997.0,1.0,2.0,1.0,134170.0,179616
-0.18052,-0.171498,0.166586,0.0,0.0,0.0,0.0,0.0,0.0,0.0,0.0,0.0,0.026742,-0.142876,-0.167332,0.049148,-0.038398,0.034771,1.9110492,1.10748954,0.6693635,0.84041926,0.55967503,-0.039536,0.006415999999999998,0.068483,0.065553,0.028303000000000002,0.014597999999999998,0.061536,0.02214,-0.076353,2.0,2525793.0,1.0,7.0,1990.0,2019.0,1.0,4061926.0,1.0,11.0,101.0,101.0,1.0,234997.0,1.0,2.0,1.0,134170.0,2031666
-0.18052,-0.171498,0.166586,0.0,0.0,0.0,-0.142707,0.037522,0.148151,-0.002204,0.161061,0.000822,0.0,0.0,0.0,0.0,0.0,0.0,-0.3503950000000001,-0.07996399999999992,0.0936482999999999,1.6555809,1.2752556199999998,-0.045476,-0.031004000000000004,0.087256,0.027585000000000002,-0.01499,0.016217000000000002,0.062294,2.0000000000002655e-06,-0.072645,2.0,2525793.0,1.0,7.0,2005.0,2019.0,1.0,4061926.0,1.0,11.0,99.0,113.0,1.0,234997.0,2.0,2.0,1.0,134170.0,6333736
-0.18052,-0.171498,0.166586,0.0,0.0,0.0,-0.142707,0.037522,0.148151,-0.002204,0.161061,0.000822,0.0,0.0,0.0,0.0,0.0,0.0,-0.3503950000000001,-0.07996399999999992,0.0936482999999999,1.6555809,1.2752556199999998,-0.045476,-0.031004000000000004,0.087256,0.027585000000000002,-0.01499,0.016217000000000002,0.062294,2.0000000000002655e-06,-0.072645,2.0,2525793.0,1.0,7.0,2010.0,2019.0,1.0,4061926.0,1.0,11.0,99.0,113.0,1.0,234997.0,2.0,2.0,1.0,134170.0,1931628
-0.18052,-0.171498,0.166586,0.0,0.0,0.0,-0.142707,0.037522,0.148151,-0.002204,0.161061,0.000822,0.0,0.0,0.0,0.0,0.0,0.0,-0.3503950000000001,-0.07996399999999992,0.0936482999999999,1.6555809,1.2752556199999998,-0.045476,-0.031004000000000004,0.087256,0.027585000000000002,-0.01499,0.016217000000000002,0.062294,2.0000000000002655e-06,-0.072645,2.0,2525793.0,1.0,7.0,1990.0,2019.0,1.0,4061926.0,1.0,11.0,99.0,113.0,1.0,234997.0,2.0,2.0,1.0,134170.0,12738520
-0.18052,-0.171498,0.166586,0.134461,-0.017551,-0.034228,0.0,0.0,0.0,0.0,0.0,0.0,0.026742,-0.142876,-0.167332,0.0,0.0,0.0,1.97278807,-1.67304026,-1.60406946,2.5009539,0.2776364,-0.074487,0.031087,0.0009769999999999987,-0.002654,0.021612000000000003,-0.001418,0.023166,0.017307000000000003,-0.008526000000000006,2.0,2525793.0,1.0,7.0,2010.0,2019.0,1.0,4061926.0,1.0,11.0,99.0,113.0,1.0,234997.0,1.0,2.0,8200.0,8200.0,1224
-0.18052,-0.171498,0.166586,0.134461,-0.017551,-0.034228,0.0,0.0,0.0,0.0,0.0,0.0,0.026742,-0.142876,-0.167332,0.0,0.0,0.0,1.97278807,-1.67304026,-1.60406946,2.5009539,0.2776364,-0.054293,0.024623,0.053079,0.015807,0.02449,-0.003579,0.033143,-0.015563,-0.071078,2.0,2525793.0,1.0,7.0,2014.0,2019.0,1.0,4061926.0,1.0,11.0,99.0,113.0,1.0,234997.0,1.0,2.0,1.0,134170.0,13221
-0.18052,-0.171498,0.166586,0.134461,-0.017551,-0.034228,0.0,0.0,0.0,0.0,0.0,0.0,0.026742,-0.142876,-0.167332,0.0,0.0,0.0,1.97278807,-1.67304026,-1.60406946,2.5009539,0.2776364,-0.074487,0.031087,0.0009769999999999987,-0.002654,0.021612000000000003,-0.001418,0.023166,0.017307000000000003,-0.008526000000000006,2.0,2525793.0,1.0,7.0,2014.0,2019.0,1.0,4061926.0,1.0,11.0,99.0,113.0,1.0,234997.0,1.0,2.0,8200.0,8200.0,33
-0.18052,-0.171498,0.166586,0.134461,-0.017551,-0.034228,0.0,0.0,0.0,0.0,0.0,0.0,0.026742,-0.142876,-0.167332,0.0,0.0,0.0,1.97278807,-1.67304026,-1.60406946,2.5009539,0.2776364,-0.074487,0.031087,0.0009769999999999987,-0.002654,0.021612000000000003,-0.001418,0.023166,0.017307000000000003,-0.008526000000000006,2.0,2525793.0,1.0,7.0,2000.0,2019.0,1.0,4061926.0,1.0,11.0,99.0,113.0,1.0,234997.0,1.0,2.0,8200.0,8200.0,1224
-0.18052,-0.171498,0.166586,0.134461,-0.017551,-0.034228,0.0,0.0,0.0,0.0,0.0,0.0,0.026742,-0.142876,-0.167332,0.0,0.0,0.0,1.97278807,-1.67304026,-1.60406946,2.5009539,0.2776364,-0.054293,0.024623,0.053079,0.015807,0.02449,-0.003579,0.033143,-0.015563,-0.071078,2.0,2525793.0,1.0,7.0,2000.0,2019.0,1.0,4061926.0,1.0,11.0,99.0,113.0,1.0,234997.0,1.0,2.0,1.0,134170.0,114182642
-0.18052,-0.171498,0.166586,0.134461,-0.017551,-0.034228,0.0,0.0,0.0,0.0,0.0,0.0,0.0,0.0,0.0,0.0,0.0,0.0,0.79659027,-1.4548855,-0.78178996,1.0894527,-0.67130435,-0.054293,0.024623,0.053079,0.015807,0.02449,-0.003579,0.033143,-0.015563,-0.071078,2.0,2525793.0,1.0,7.0,1980.0,1995.0,1.0,4061926.0,1.0,11.0,99.0,113.0,1.0,234997.0,1.0,2.0,1.0,134170.0,4533382
-0.18052,-0.171498,0.166586,0.134461,-0.017551,-0.034228,0.0,0.0,0.0,0.0,0.0,0.0,0.0,0.0,0.0,0.0,0.0,0.0,0.79659027,-1.4548855,-0.78178996,1.0894527,-0.67130435,-0.054293,0.024623,0.053079,0.015807,0.02449,-0.003579,0.033143,-0.015563,-0.071078,2.0,2525793.0,1.0,7.0,1980.0,1984.0,1.0,4061926.0,1.0,11.0,99.0,113.0,1.0,234997.0,1.0,2.0,1.0,134170.0,695701
-0.18052,-0.171498,0.166586,0.134461,-0.017551,-0.034228,0.0,0.0,0.0,0.0,0.0,0.0,0.0,0.0,0.0,0.0,0.0,0.0,0.79659027,-1.4548855,-0.78178996,1.0894527,-0.67130435,-0.054293,0.024623,0.053079,0.015807,0.02449,-0.003579,0.033143,-0.015563,-0.071078,2.0,2525793.0,1.0,7.0,1980.0,2010.0,1.0,4061926.0,1.0,11.0,99.0,113.0,1.0,234997.0,1.0,2.0,1.0,134170.0,21454165
-0.18052,-0.171498,0.166586,0.134461,-0.017551,-0.034228,0.0,0.0,0.0,-0.002204,0.161061,0.000822,0.0,0.0,0.0,0.0,0.0,0.0,1.76719247,-2.7362727,-0.029753160000000056,2.442425,-0.53028913,0.010707,-0.037472,-0.063119,0.00436,0.050556,-0.019107,0.047341,-0.059497,0.046227,2.0,2525793.0,1.0,7.0,1880.0,2019.0,1.0,4061926.0,2.0,2.0,99.0,113.0,1.0,234997.0,1.0,2.0,1.0,134170.0,13355828
-0.18052,-0.171498,0.166586,0.134461,-0.017551,-0.034228,0.0,0.0,0.0,-0.002204,0.161061,0.000822,0.0,0.0,0.0,0.0,0.0,0.0,1.76719247,-2.7362727,-0.029753160000000056,2.442425,-0.53028913,0.010707,-0.037472,-0.063119,0.00436,0.050556,-0.019107,0.047341,-0.059497,0.046227,2.0,2525793.0,1.0,7.0,1880.0,2019.0,1.0,4061926.0,4.0,4.0,99.0,113.0,1.0,234997.0,1.0,2.0,1.0,134170.0,4450853
-0.18052,-0.171498,0.166586,0.134461,-0.017551,-0.034228,0.0,0.0,0.0,-0.002204,0.161061,0.000822,0.0,0.0,0.0,0.0,0.0,0.0,1.76719247,-2.7362727,-0.029753160000000056,2.442425,-0.53028913,0.010707,-0.037472,-0.063119,0.00436,0.050556,-0.019107,0.047341,-0.059497,0.046227,2.0,2525793.0,1.0,7.0,1880.0,2019.0,1.0,4061926.0,7.0,7.0,99.0,113.0,1.0,234997.0,1.0,2.0,1.0,134170.0,794591
-0.18052,-0.171498,0.166586,0.134461,-0.017551,-0.034228,0.0,0.0,0.0,-0.002204,0.161061,0.000822,0.0,0.0,0.0,0.0,0.0,0.0,1.76719247,-2.7362727,-0.029753160000000056,2.442425,-0.53028913,-0.043586,-0.012849,-0.010039999999999993,0.020167,0.075046,-0.022685999999999998,0.080484,-0.07506,-0.024851000000000005,2.0,2525793.0,1.0,7.0,2005.0,2015.0,1.0,4061926.0,2.0,2.0,99.0,113.0,1.0,234997.0,1.0,2.0,1.0,134170.0,4893440
-0.18052,-0.171498,0.166586,0.134461,-0.017551,-0.034228,0.0,0.0,0.0,-0.002204,0.161061,0.000822,0.0,0.0,0.0,0.0,0.0,0.0,1.76719247,-2.7362727,-0.029753160000000056,2.442425,-0.53028913,-0.043586,-0.012849,-0.010039999999999993,0.020167,0.075046,-0.022685999999999998,0.080484,-0.07506,-0.024851000000000005,2.0,2525793.0,1.0,7.0,2007.0,2010.0,1.0,4061926.0,2.0,2.0,99.0,113.0,1.0,234997.0,1.0,2.0,1.0,134170.0,1381288
-0.18052,-0.171498,0.166586,0.134461,-0.017551,-0.034228,0.0,0.0,0.0,-0.002204,0.161061,0.000822,0.0,0.0,0.0,0.0,0.0,0.0,1.76719247,-2.7362727,-0.029753160000000056,2.442425,-0.53028913,-0.043586,-0.012849,-0.010039999999999993,0.020167,0.075046,-0.022685999999999998,0.080484,-0.07506,-0.024851000000000005,2.0,2525793.0,1.0,7.0,2005.0,2019.0,1.0,4061926.0,1.0,1.0,99.0,113.0,1.0,234997.0,1.0,2.0,1.0,134170.0,8720023
-0.18052,-0.171498,0.166586,0.134461,-0.017551,-0.034228,0.0,0.0,0.0,-0.002204,0.161061,0.000822,0.0,0.0,0.0,0.0,0.0,0.0,1.76719247,-2.7362727,-0.029753160000000056,2.442425,-0.53028913,-0.043586,-0.012849,-0.010039999999999993,0.020167,0.075046,-0.022685999999999998,0.080484,-0.07506,-0.024851000000000005,2.0,2525793.0,1.0,7.0,2010.0,2019.0,1.0,4061926.0,1.0,1.0,99.0,113.0,1.0,234997.0,1.0,2.0,1.0,134170.0,2873214
-0.18052,-0.171498,0.166586,0.134461,-0.017551,-0.034228,0.0,0.0,0.0,-0.002204,0.161061,0.000822,0.0,0.0,0.0,0.0,0.0,0.0,1.76719247,-2.7362727,-0.029753160000000056,2.442425,-0.53028913,-0.054293,0.024623,0.053079,0.015807,0.02449,-0.003579,0.033143,-0.015563,-0.071078,2.0,2525793.0,1.0,7.0,1990.0,2019.0,1.0,4061926.0,1.0,11.0,99.0,113.0,1.0,234997.0,1.0,2.0,1.0,134170.0,56965403
-0.18052,-0.171498,0.166586,0.0,0.0,0.0,0.0,0.0,0.0,-0.002204,0.161061,0.000822,0.026742,-0.142876,-0.167332,0.0,0.0,0.0,2.1468,-1.49954196,-0.0702427000000001,2.7644735000000003,1.08995597,-0.06567,-0.024540000000000006,0.035154,0.009124,-0.017868,0.018378000000000002,0.052317,0.032872000000000005,-0.010093000000000005,2.0,2525793.0,1.0,7.0,1950.0,2000.0,1.0,4061926.0,1.0,11.0,99.0,113.0,1.0,234997.0,2.0,2.0,398.0,398.0,7153
-0.18052,-0.171498,0.166586,0.0,0.0,0.0,0.0,0.0,0.0,-0.002204,0.161061,0.000822,0.026742,-0.142876,-0.167332,0.0,0.0,0.0,2.1468,-1.49954196,-0.0702427000000001,2.7644735000000003,1.08995597,-0.011377,-0.049163000000000005,-0.017925000000000003,-0.0066830000000000014,-0.042358,0.021957,0.019174,0.048435000000000006,0.060985,2.0,2525793.0,1.0,7.0,1880.0,2019.0,1.0,4061926.0,1.0,11.0,99.0,113.0,1.0,234997.0,2.0,2.0,398.0,398.0,14102
-0.18052,-0.171498,0.166586,0.0,0.0,0.0,0.0,0.0,0.0,-0.002204,0.161061,0.000822,0.026742,-0.142876,-0.167332,0.0,0.0,0.0,2.1468,-1.49954196,-0.0702427000000001,2.7644735000000003,1.08995597,-0.054293,0.024623,0.053079,0.015807,0.02449,-0.003579,0.033143,-0.015563,-0.071078,2.0,2525793.0,1.0,7.0,1950.0,2019.0,1.0,4061926.0,1.0,11.0,99.0,113.0,1.0,234997.0,1.0,2.0,1.0,134170.0,31339132
-0.18052,-0.171498,0.166586,0.0,0.0,0.0,-0.142707,0.037522,0.148151,-0.002204,0.161061,0.000822,0.0,0.0,0.0,0.049148,-0.038398,0.034771,0.3844563999999999,1.2456803000000003,1.5852913,1.08449896,0.8859898999999999,-0.030719000000000003,-0.049211000000000005,0.10266,0.077331,-0.011177,0.034394,0.090687,0.037705,-0.07792,2.0,2525793.0,1.0,7.0,2005.0,2008.0,1.0,4061926.0,1.0,11.0,101.0,101.0,1.0,234997.0,2.0,2.0,1.0,134170.0,75440
-0.18052,-0.171498,0.166586,0.0,0.0,0.0,-0.142707,0.037522,0.148151,-0.002204,0.161061,0.000822,0.0,0.0,0.0,0.049148,-0.038398,0.034771,0.3844563999999999,1.2456803000000003,1.5852913,1.08449896,0.8859898999999999,0.014757,-0.018207,0.015404,0.049746,0.003813,0.018177,0.028393,0.037703,-0.005275,2.0,2525793.0,1.0,7.0,1880.0,2019.0,1.0,4061926.0,1.0,11.0,113.0,113.0,1.0,234997.0,1.0,2.0,1.0,134170.0,72
-0.18052,-0.171498,0.166586,0.0,0.0,0.0,-0.142707,0.037522,0.148151,-0.002204,0.161061,0.000822,0.0,0.0,0.0,0.049148,-0.038398,0.034771,0.3844563999999999,1.2456803000000003,1.5852913,1.08449896,0.8859898999999999,-0.030719000000000003,-0.049211000000000005,0.10266,0.077331,-0.011177,0.034394,0.090687,0.037705,-0.07792,2.0,2525793.0,1.0,7.0,2000.0,2010.0,1.0,4061926.0,1.0,11.0,101.0,101.0,1.0,234997.0,2.0,2.0,1.0,134170.0,305691
-0.18052,-0.171498,0.166586,0.0,0.0,0.0,-0.142707,0.037522,0.148151,-0.002204,0.161061,0.000822,0.0,0.0,0.0,0.049148,-0.038398,0.034771,0.3844563999999999,1.2456803,1.5852913,1.08449896,0.8859898999999998,0.06809,-0.090488,0.044129999999999996,0.043844999999999995,-0.057426000000000005,0.043496,0.082331,0.093282,-0.05266,2.0,2525793.0,1.0,1.0,1880.0,2019.0,1.0,4061926.0,1.0,11.0,101.0,101.0,1.0,234997.0,2.0,2.0,1.0,134170.0,1919495
-0.18052,-0.171498,0.166586,0.0,0.0,0.0,-0.142707,0.037522,0.148151,0.0,0.0,0.0,0.026742,-0.142876,-0.167332,0.049148,-0.038398,0.034771,0.5900519999999999,2.3089127400000002,0.010974999999999957,1.1430278600000001,1.6939154299999997,0.004979999999999998,-0.010238,0.063032,0.047874,0.006544000000000001,0.020121,0.086323,0.062154,-0.122171,2.0,2525793.0,1.0,1.0,2010.0,2019.0,1.0,4061926.0,1.0,11.0,101.0,101.0,1.0,234997.0,1.0,2.0,1.0,134170.0,150780
-0.18052,-0.171498,0.166586,0.0,0.0,0.0,-0.142707,0.037522,0.148151,0.0,0.0,0.0,0.026742,-0.142876,-0.167332,0.049148,-0.038398,0.034771,0.5900519999999999,2.3089127400000002,0.010974999999999957,1.1430278600000001,1.6939154299999997,0.059273,-0.034861,0.009953,0.032067,-0.017946,0.0237,0.053180000000000005,0.07771700000000001,-0.051093,2.0,2525793.0,1.0,1.0,1880.0,2019.0,1.0,4061926.0,1.0,11.0,101.0,101.0,1.0,234997.0,1.0,2.0,1.0,134170.0,3243247
-0.18052,-0.171498,0.166586,0.0,0.0,0.0,-0.142707,0.037522,0.148151,0.0,0.0,0.0,0.026742,-0.142876,-0.167332,0.049148,-0.038398,0.034771,0.5900519999999999,2.3089127400000002,0.010974999999999957,1.1430278600000001,1.6939154299999997,-0.039536,0.006415999999999998,0.068483,0.065553,0.028303000000000002,0.014597999999999998,0.061536,0.02214,-0.076353,2.0,2525793.0,1.0,7.0,2005.0,2019.0,1.0,4061926.0,1.0,11.0,101.0,101.0,1.0,234997.0,1.0,2.0,1.0,134170.0,1043763
-0.18052,-0.171498,0.166586,0.0,0.0,0.0,-0.142707,0.037522,0.148151,-0.002204,0.161061,0.000822,0.026742,-0.142876,-0.167332,0.0,0.0,0.0,0.8258027999999998,-0.2981187599999999,-0.7286312000000001,3.0670821000000004,2.2241963699999996,-0.039536,0.006415999999999998,0.068483,0.065553,0.028303000000000002,0.014597999999999998,0.061536,0.02214,-0.076353,2.0,2525793.0,1.0,7.0,2000.0,2019.0,1.0,4061926.0,1.0,11.0,99.0,113.0,1.0,234997.0,1.0,2.0,1.0,134170.0,512575801
-0.18052,-0.171498,0.166586,0.0,0.0,0.0,-0.142707,0.037522,0.148151,-0.002204,0.161061,0.000822,0.026742,-0.142876,-0.167332,0.0,0.0,0.0,0.8258027999999998,-0.2981187599999999,-0.7286312000000001,3.0670821000000004,2.2241963699999996,-0.039536,0.006415999999999998,0.068483,0.065553,0.028303000000000002,0.014597999999999998,0.061536,0.02214,-0.076353,2.0,2525793.0,1.0,7.0,2005.0,2010.0,1.0,4061926.0,1.0,11.0,99.0,113.0,1.0,234997.0,1.0,2.0,1.0,134170.0,206778521
-0.18052,-0.171498,0.166586,0.0,0.0,0.0,-0.142707,0.037522,0.148151,-0.002204,0.161061,0.000822,0.026742,-0.142876,-0.167332,0.0,0.0,0.0,0.8258027999999998,-0.2981187599999999,-0.7286312000000001,3.0670821000000004,2.2241963699999996,-0.039536,0.006415999999999998,0.068483,0.065553,0.028303000000000002,0.014597999999999998,0.061536,0.02214,-0.076353,2.0,2525793.0,1.0,7.0,1990.0,2019.0,1.0,4061926.0,1.0,11.0,99.0,113.0,1.0,234997.0,1.0,2.0,1.0,134170.0,625302823
-0.18052,-0.171498,0.166586,0.134461,-0.017551,-0.034228,0.0,0.0,0.0,-0.002204,0.161061,0.000822,0.026742,-0.142876,-0.167332,0.0,0.0,0.0,2.94339027,-2.95442746,-0.8520326600000001,3.8539262,0.41865162,-0.020194,0.006464,-0.052102,-0.018461,-0.002878,0.002161,-0.009977,0.03287,0.062552,2.0,2525793.0,1.0,7.0,1880.0,2019.0,1.0,4061926.0,1.0,11.0,99.0,113.0,1.0,234997.0,1.0,2.0,117.0,117.0,7796926
-0.18052,-0.171498,0.166586,0.134461,-0.017551,-0.034228,-0.142707,0.037522,0.148151,0.0,0.0,0.0,0.0,0.0,0.0,0.049148,-0.038398,0.034771,0.21044447,1.0721820000000002,0.05146454,0.82097936,0.0736703299999999,0.014757,-0.018207,0.015404,0.049746,0.003813,0.018177,0.028393,0.037703,-0.005275,2.0,2525793.0,1.0,7.0,1880.0,2019.0,1.0,4061926.0,1.0,11.0,100.0,100.0,1.0,234997.0,1.0,2.0,1.0,134170.0,1831108
-0.18052,-0.171498,0.166586,0.134461,-0.017551,-0.034228,-0.142707,0.037522,0.148151,0.0,0.0,0.0,0.0,0.0,0.0,0.049148,-0.038398,0.034771,0.21044447,1.0721820000000002,0.05146454,0.82097936,0.0736703299999999,-0.039536,0.006415999999999998,0.068483,0.065553,0.028303000000000002,0.014597999999999998,0.061536,0.02214,-0.076353,2.0,2525793.0,1.0,7.0,2008.0,2014.0,1.0,4061926.0,1.0,11.0,101.0,101.0,1.0,234997.0,1.0,2.0,1.0,134170.0,2936093
-0.18052,-0.171498,0.166586,0.134461,-0.017551,-0.034228,-0.142707,0.037522,0.148151,0.0,0.0,0.0,0.0,0.0,0.0,0.049148,-0.038398,0.034771,0.21044447,1.0721820000000002,0.05146454,0.82097936,0.0736703299999999,0.014757,-0.018207,0.015404,0.049746,0.003813,0.018177,0.028393,0.037703,-0.005275,2.0,2525793.0,1.0,7.0,1880.0,2019.0,1.0,4061926.0,1.0,11.0,100.0,100.0,1.0,234997.0,1.0,2.0,1.0,134170.0,16461908
-0.18052,-0.171498,0.166586,0.134461,-0.017551,-0.034228,-0.142707,0.037522,0.148151,-0.002204,0.161061,0.000822,0.0,0.0,0.0,0.0,0.0,0.0,0.4461952699999999,-1.5348495,-0.6881416600000001,2.7450336,0.6039512699999998,-0.028829,-0.031056,0.005364000000000006,0.069913,0.078859,-0.004508999999999999,0.108877,-0.037357,-0.030126000000000007,2.0,2525793.0,1.0,7.0,2005.0,2009.0,1.0,4061926.0,2.0,2.0,99.0,113.0,1.0,234997.0,1.0,2.0,1.0,134170.0,24675801
-0.18052,-0.171498,0.166586,0.134461,-0.017551,-0.034228,-0.142707,0.037522,0.148151,-0.002204,0.161061,0.000822,0.0,0.0,0.0,0.0,0.0,0.0,0.4461952699999999,-1.5348495,-0.6881416600000001,2.7450336,0.6039512699999998,0.025464,-0.055679,-0.047714999999999994,0.054106,0.054368999999999994,-0.0009300000000000003,0.075734,-0.021794,0.040951999999999995,2.0,2525793.0,1.0,7.0,1880.0,2019.0,1.0,4061926.0,2.0,2.0,99.0,113.0,1.0,234997.0,1.0,2.0,1.0,134170.0,132317651
-0.18052,-0.171498,0.166586,0.134461,-0.017551,-0.034228,-0.142707,0.037522,0.148151,-0.002204,0.161061,0.000822,0.0,0.0,0.0,0.0,0.0,0.0,0.4461952699999999,-1.5348495,-0.6881416600000001,2.7450336,0.6039512699999998,-0.028829,-0.031056,0.005364000000000006,0.069913,0.078859,-0.004508999999999999,0.108877,-0.037357,-0.030126000000000007,2.0,2525793.0,1.0,7.0,2000.0,2019.0,1.0,4061926.0,2.0,2.0,99.0,113.0,1.0,234997.0,1.0,2.0,1.0,134170.0,90649862
-0.18052,-0.171498,0.166586,0.134461,-0.017551,-0.034228,0.0,0.0,0.0,0.0,0.0,0.0,0.026742,-0.142876,-0.167332,0.0,0.0,0.0,1.97278807,-1.67304026,-1.60406946,2.5009539,0.2776364,-0.009777000000000001,0.007969,0.047628000000000004,-0.0018719999999999987,0.002731000000000001,0.001944,0.057929999999999995,0.024451,-0.116896,2.0,2525793.0,1.0,1.0,1950.0,2019.0,1.0,4061926.0,1.0,11.0,99.0,113.0,1.0,234997.0,1.0,2.0,1.0,134170.0,151179813
-0.18052,-0.171498,0.166586,0.134461,-0.017551,-0.034228,0.0,0.0,0.0,0.0,0.0,0.0,0.026742,-0.142876,-0.167332,0.0,0.0,0.0,1.97278807,-1.67304026,-1.60406946,2.5009539,0.2776364,-0.009777000000000001,0.007969,0.047628000000000004,-0.0018719999999999987,0.002731000000000001,0.001944,0.057929999999999995,0.024451,-0.116896,2.0,2525793.0,1.0,1.0,2000.0,2019.0,1.0,4061926.0,1.0,11.0,99.0,113.0,1.0,234997.0,1.0,2.0,1.0,134170.0,84217062
-0.18052,-0.171498,0.166586,0.0,0.0,0.0,-0.142707,0.037522,0.148151,-0.002204,0.161061,0.000822,0.026742,-0.142876,-0.167332,0.0,0.0,0.0,0.8258027999999997,-0.2981187599999999,-0.7286312000000001,3.0670821000000004,2.22419637,-0.06567,-0.024540000000000006,0.035154,0.009124,-0.017868,0.018378000000000002,0.052317,0.032872000000000005,-0.010093000000000005,2.0,2525793.0,1.0,7.0,1950.0,2000.0,1.0,4061926.0,1.0,11.0,99.0,113.0,1.0,234997.0,2.0,2.0,398.0,398.0,333474
-0.18052,-0.171498,0.166586,0.0,0.0,0.0,-0.142707,0.037522,0.148151,-0.002204,0.161061,0.000822,0.026742,-0.142876,-0.167332,0.0,0.0,0.0,0.8258027999999997,-0.2981187599999999,-0.7286312000000001,3.0670821000000004,2.22419637,-0.06567,-0.024540000000000006,0.035154,0.009124,-0.017868,0.018378000000000002,0.052317,0.032872000000000005,-0.010093000000000005,2.0,2525793.0,1.0,7.0,2000.0,2010.0,1.0,4061926.0,1.0,11.0,99.0,113.0,1.0,234997.0,2.0,2.0,398.0,398.0,307213
-0.18052,-0.171498,0.166586,0.0,0.0,0.0,-0.142707,0.037522,0.148151,-0.002204,0.161061,0.000822,0.026742,-0.142876,-0.167332,0.0,0.0,0.0,0.8258027999999997,-0.2981187599999999,-0.7286312000000001,3.0670821000000004,2.22419637,-0.06567,-0.024540000000000006,0.035154,0.009124,-0.017868,0.018378000000000002,0.052317,0.032872000000000005,-0.010093000000000005,2.0,2525793.0,1.0,7.0,1950.0,2010.0,1.0,4061926.0,1.0,11.0,99.0,113.0,1.0,234997.0,2.0,2.0,398.0,398.0,658557
-0.18052,-0.171498,0.166586,0.0,0.0,0.0,-0.142707,0.037522,0.148151,-0.002204,0.161061,0.000822,0.026742,-0.142876,-0.167332,0.049148,-0.038398,0.034771,1.5606541999999999,1.0275255400000003,0.7630117999999999,2.4960001600000004,1.8349306499999996,-0.039536,0.006415999999999998,0.068483,0.065553,0.028303000000000002,0.014597999999999998,0.061536,0.02214,-0.076353,2.0,2525793.0,1.0,7.0,2008.0,2019.0,1.0,4061926.0,1.0,11.0,101.0,101.0,1.0,234997.0,1.0,2.0,1.0,134170.0,8275169
-0.18052,-0.171498,0.166586,0.0,0.0,0.0,-0.142707,0.037522,0.148151,-0.002204,0.161061,0.000822,0.026742,-0.142876,-0.167332,0.049148,-0.038398,0.034771,1.5606541999999999,1.0275255400000003,0.7630117999999999,2.4960001600000004,1.8349306499999996,-0.039536,0.006415999999999998,0.068483,0.065553,0.028303000000000002,0.014597999999999998,0.061536,0.02214,-0.076353,2.0,2525793.0,1.0,7.0,2009.0,2019.0,1.0,4061926.0,1.0,11.0,101.0,101.0,1.0,234997.0,1.0,2.0,1.0,134170.0,5060606
-0.18052,-0.171498,0.166586,0.134461,-0.017551,-0.034228,-0.142707,0.037522,0.148151,-0.002204,0.161061,0.000822,0.026742,-0.142876,-0.167332,0.0,0.0,0.0,1.6223930699999998,-1.75300426,-1.5104211600000002,4.1565348,1.5528920199999998,-0.028829,-0.031056,0.005364000000000006,0.069913,0.078859,-0.004508999999999999,0.108877,-0.037357,-0.030126000000000007,2.0,2525793.0,1.0,7.0,2010.0,2019.0,1.0,4061926.0,2.0,2.0,99.0,113.0,1.0,234997.0,1.0,2.0,1.0,134170.0,1352809555
-0.18052,-0.171498,0.166586,0.134461,-0.017551,-0.034228,-0.142707,0.037522,0.148151,-0.002204,0.161061,0.000822,0.026742,-0.142876,-0.167332,0.0,0.0,0.0,1.6223930699999998,-1.75300426,-1.5104211600000002,4.1565348,1.5528920199999998,0.024286000000000002,-0.03728,-0.03693899999999999,0.053353000000000005,0.027289,0.034124,0.122284,-0.014332000000000001,0.02588399999999999,2.0,2525793.0,1.0,7.0,2010.0,2019.0,1.0,4061926.0,2.0,2.0,99.0,113.0,22956.0,22956.0,1.0,2.0,1.0,134170.0,191935
-0.18052,-0.171498,0.166586,0.134461,-0.017551,-0.034228,-0.142707,0.037522,0.148151,-0.002204,0.161061,0.000822,0.026742,-0.142876,-0.167332,0.0,0.0,0.0,1.6223930699999998,-1.75300426,-1.5104211600000002,4.1565348,1.5528920199999998,-0.028829,-0.031056,0.005364000000000006,0.069913,0.078859,-0.004508999999999999,0.108877,-0.037357,-0.030126000000000007,2.0,2525793.0,1.0,7.0,2000.0,2019.0,1.0,4061926.0,2.0,2.0,99.0,113.0,1.0,234997.0,1.0,2.0,1.0,134170.0,9537310863
-0.18052,-0.171498,0.166586,0.134461,-0.017551,-0.034228,-0.142707,0.037522,0.148151,0.0,0.0,0.0,0.026742,-0.142876,-0.167332,0.049148,-0.038398,0.034771,1.3866422699999998,0.8540272400000002,-0.77081496,2.23248056,1.02261108,0.014757,-0.018207,0.015404,0.049746,0.003813,0.018177,0.028393,0.037703,-0.005275,2.0,2525793.0,1.0,7.0,1880.0,2019.0,1.0,4061926.0,1.0,11.0,100.0,100.0,1.0,234997.0,1.0,2.0,1.0,134170.0,492943940
-0.18052,-0.171498,0.166586,0.134461,-0.017551,-0.034228,-0.142707,0.037522,0.148151,0.0,0.0,0.0,0.026742,-0.142876,-0.167332,0.049148,-0.038398,0.034771,1.3866422699999998,0.8540272400000002,-0.77081496,2.23248056,1.02261108,-0.039536,0.006415999999999998,0.068483,0.065553,0.028303000000000002,0.014597999999999998,0.061536,0.02214,-0.076353,2.0,2525793.0,1.0,7.0,2010.0,2019.0,1.0,4061926.0,1.0,11.0,100.0,100.0,1.0,234997.0,1.0,2.0,1.0,134170.0,32355583
-0.18052,-0.171498,0.166586,0.134461,-0.017551,-0.034228,0.0,0.0,0.0,0.0,0.0,0.0,0.026742,-0.142876,-0.167332,0.049148,-0.038398,0.034771,2.70763947,-0.34739596000000006,-0.11242646,1.9298719599999998,-0.11162931999999998,0.004979999999999998,-0.010238,0.063032,0.047874,0.006544000000000001,0.020121,0.086323,0.062154,-0.122171,2.0,2525793.0,1.0,1.0,2000.0,2019.0,1.0,4061926.0,1.0,11.0,101.0,101.0,1.0,234997.0,1.0,2.0,1.0,134170.0,81495003
-0.18052,-0.171498,0.166586,0.134461,-0.017551,-0.034228,0.0,0.0,0.0,0.0,0.0,0.0,0.026742,-0.142876,-0.167332,0.049148,-0.038398,0.034771,2.70763947,-0.34739596000000006,-0.11242646,1.9298719599999998,-0.11162931999999998,0.004979999999999998,-0.010238,0.063032,0.047874,0.006544000000000001,0.020121,0.086323,0.062154,-0.122171,2.0,2525793.0,1.0,1.0,2005.0,2019.0,1.0,4061926.0,1.0,11.0,101.0,101.0,1.0,234997.0,1.0,2.0,1.0,134170.0,51282842
-0.18052,-0.171498,0.166586,0.0,0.0,0.0,-0.142707,0.037522,0.148151,-0.002204,0.161061,0.000822,0.026742,-0.142876,-0.167332,0.0,0.0,0.0,0.8258027999999997,-0.2981187599999999,-0.7286312000000001,3.0670821000000004,2.22419637,-0.06567,-0.024540000000000006,0.035154,0.009124,-0.017868,0.018378000000000002,0.052317,0.032872000000000005,-0.010093000000000005,2.0,2525793.0,1.0,7.0,1998.0,1998.0,1.0,4061926.0,1.0,11.0,99.0,113.0,1.0,234997.0,2.0,2.0,398.0,398.0,19006
-0.18052,-0.171498,0.166586,0.0,0.0,0.0,-0.142707,0.037522,0.148151,-0.002204,0.161061,0.000822,0.026742,-0.142876,-0.167332,0.049148,-0.038398,0.034771,1.5606541999999999,1.0275255400000003,0.7630117999999999,2.4960001600000004,1.8349306499999996,-0.039536,0.006415999999999998,0.068483,0.065553,0.028303000000000002,0.014597999999999998,0.061536,0.02214,-0.076353,2.0,2525793.0,1.0,7.0,2000.0,2019.0,1.0,4061926.0,1.0,11.0,101.0,101.0,1.0,234997.0,1.0,2.0,1.0,134170.0,26718423
-0.18052,-0.171498,0.166586,0.0,0.0,0.0,-0.142707,0.037522,0.148151,-0.002204,0.161061,0.000822,0.026742,-0.142876,-0.167332,0.049148,-0.038398,0.034771,1.5606541999999999,1.0275255400000003,0.7630117999999999,2.4960001600000004,1.8349306499999996,-0.039536,0.006415999999999998,0.068483,0.065553,0.028303000000000002,0.014597999999999998,0.061536,0.02214,-0.076353,2.0,2525793.0,1.0,7.0,2005.0,2019.0,1.0,4061926.0,1.0,11.0,101.0,101.0,1.0,234997.0,1.0,2.0,1.0,134170.0,15813608
-0.18052,-0.171498,0.166586,0.134461,-0.017551,-0.034228,-0.142707,0.037522,0.148151,-0.002204,0.161061,0.000822,0.026742,-0.142876,-0.167332,0.0,0.0,0.0,1.6223930699999998,-1.75300426,-1.5104211600000002,4.1565348,1.5528920199999998,-0.049023000000000004,-0.024592,-0.046737999999999995,0.051452,0.07598099999999999,-0.0023479999999999994,0.0989,-0.004486999999999998,0.03242599999999999,2.0,2525793.0,1.0,7.0,2000.0,2010.0,1.0,4061926.0,2.0,2.0,99.0,113.0,1.0,234997.0,1.0,2.0,7084.0,7084.0,1067496
-0.18052,-0.171498,0.166586,0.134461,-0.017551,-0.034228,-0.142707,0.037522,0.148151,-0.002204,0.161061,0.000822,0.026742,-0.142876,-0.167332,0.0,0.0,0.0,1.6223930699999998,-1.75300426,-1.5104211600000002,4.1565348,1.5528920199999998,-0.049023000000000004,-0.024592,-0.046737999999999995,0.051452,0.07598099999999999,-0.0023479999999999994,0.0989,-0.004486999999999998,0.03242599999999999,2.0,2525793.0,1.0,7.0,2000.0,2005.0,1.0,4061926.0,2.0,2.0,99.0,113.0,1.0,234997.0,1.0,2.0,7084.0,7084.0,268172
-0.18052,-0.171498,0.166586,0.134461,-0.017551,-0.034228,-0.142707,0.037522,0.148151,0.0,0.0,0.0,0.026742,-0.142876,-0.167332,0.049148,-0.038398,0.034771,1.3866422699999998,0.8540272400000002,-0.77081496,2.23248056,1.02261108,-0.039536,0.006415999999999998,0.068483,0.065553,0.028303000000000002,0.014597999999999998,0.061536,0.02214,-0.076353,2.0,2525793.0,1.0,7.0,2000.0,2019.0,1.0,4061926.0,1.0,11.0,100.0,100.0,1.0,234997.0,1.0,2.0,1.0,134170.0,258385218
